timestamp,event_id,target_user,ip,logon_type,status,sub_status
2025-10-17 19:08:36.020792+00:00,4624,SYSTEM,-,5,,
2025-10-17 19:08:36.164782+00:00,4624,SYSTEM,-,5,,
2025-10-17 19:10:00.287292+00:00,4624,SYSTEM,-,5,,
2025-10-17 19:20:24.027002+00:00,4624,SYSTEM,-,5,,
2025-10-17 19:26:32.058689+00:00,4624,SYSTEM,-,5,,
2025-10-17 19:31:36.282406+00:00,4624,SYSTEM,-,5,,
2025-10-17 19:35:24.081135+00:00,4624,SYSTEM,-,5,,
2025-10-17 19:36:19.462267+00:00,4624,SYSTEM,-,5,,
2025-10-17 19:39:05.116919+00:00,4624,SYSTEM,-,5,,
2025-10-17 19:39:06.220888+00:00,4624,SYSTEM,-,5,,
2025-10-17 19:40:14.241804+00:00,4624,SYSTEM,-,5,,
2025-10-17 19:40:14.283998+00:00,4624,SYSTEM,-,5,,
2025-10-17 19:40:42.670996+00:00,4624,SYSTEM,-,5,,
2025-10-17 19:42:18.113113+00:00,4624,SYSTEM,-,5,,
2025-10-17 19:42:44.255541+00:00,4624,SYSTEM,-,5,,
2025-10-17 19:42:45.728502+00:00,4624,SYSTEM,-,5,,
2025-10-17 19:42:47.336309+00:00,4624,SYSTEM,-,5,,
2025-10-17 19:42:48.038754+00:00,4624,SYSTEM,-,5,,
2025-10-17 19:42:54.843662+00:00,4624,SYSTEM,-,5,,
2025-10-17 19:42:58.183947+00:00,4624,SYSTEM,-,5,,
2025-10-17 20:05:13.410847+00:00,4624,SYSTEM,-,5,,
2025-10-17 20:05:17.740128+00:00,4624,Daniele Monaco,127.0.0.1,2,,
2025-10-17 20:05:17.740152+00:00,4624,Daniele Monaco,127.0.0.1,2,,
2025-10-17 20:06:26.302574+00:00,4624,SYSTEM,-,5,,
2025-10-17 20:06:28.875374+00:00,4624,SYSTEM,-,5,,
2025-10-17 20:11:21.607906+00:00,4624,SYSTEM,-,5,,
2025-10-17 20:16:59.349470+00:00,4624,SYSTEM,-,5,,
2025-10-17 20:20:15.486473+00:00,4624,SYSTEM,-,5,,
2025-10-17 20:21:59.510981+00:00,4624,SYSTEM,-,5,,
2025-10-17 20:23:05.222836+00:00,4624,SYSTEM,-,5,,
2025-10-17 20:25:08.584763+00:00,4624,SYSTEM,-,5,,
2025-10-17 20:35:15.586166+00:00,4624,SYSTEM,-,5,,
2025-10-17 20:37:00.059576+00:00,4624,SYSTEM,-,5,,
2025-10-17 20:42:00.267731+00:00,4624,SYSTEM,-,5,,
2025-10-17 20:42:53.837458+00:00,4624,SYSTEM,-,5,,
2025-10-17 20:49:47.849710+00:00,4624,SYSTEM,-,5,,
2025-10-17 20:50:04.695015+00:00,4624,SYSTEM,-,5,,
2025-10-17 20:53:49.048227+00:00,4624,SYSTEM,-,5,,
2025-10-17 20:54:51.137304+00:00,4624,SYSTEM,-,5,,
2025-10-17 21:02:28.193344+00:00,4624,SYSTEM,-,5,,
2025-10-17 21:02:47.478966+00:00,4624,SYSTEM,-,5,,
2025-10-17 21:07:30.513317+00:00,4624,SYSTEM,-,5,,
2025-10-17 21:09:13.213896+00:00,4624,SYSTEM,-,5,,
2025-10-17 21:13:35.927166+00:00,4624,SYSTEM,-,5,,
2025-10-17 21:14:07.539129+00:00,4624,SYSTEM,-,5,,
2025-10-17 21:17:47.988335+00:00,4624,SYSTEM,-,5,,
2025-10-17 21:19:13.604387+00:00,4624,SYSTEM,-,5,,
2025-10-17 21:24:13.783045+00:00,4624,SYSTEM,-,5,,
2025-10-17 21:28:55.907734+00:00,4624,SYSTEM,-,5,,
2025-10-17 21:30:22.025402+00:00,4624,SYSTEM,-,5,,
2025-10-17 21:31:09.011734+00:00,4624,SYSTEM,-,5,,
2025-10-17 21:31:11.153605+00:00,4624,SYSTEM,-,5,,
2025-10-17 21:31:14.789141+00:00,4624,SYSTEM,-,5,,
2025-10-17 21:31:15.958345+00:00,4624,SYSTEM,-,5,,
2025-10-17 21:31:16.052124+00:00,4624,SYSTEM,-,5,,
2025-10-17 21:33:29.219706+00:00,4624,SYSTEM,-,0,,
2025-10-17 21:33:29.429396+00:00,4624,SYSTEM,-,5,,
2025-10-17 21:33:29.429398+00:00,4624,UMFD-1,-,2,,
2025-10-17 21:33:29.429417+00:00,4624,UMFD-0,-,2,,
2025-10-17 21:33:29.488781+00:00,4624,LOCAL SERVICE,-,5,,
2025-10-17 21:33:29.515211+00:00,4624,NETWORK SERVICE,-,5,,
2025-10-17 21:33:29.558729+00:00,4624,SYSTEM,-,5,,
2025-10-17 21:33:29.817104+00:00,4624,DWM-1,-,2,,
2025-10-17 21:33:29.817116+00:00,4624,DWM-1,-,2,,
2025-10-17 21:33:30.555971+00:00,4624,SYSTEM,-,5,,
2025-10-17 21:33:30.556362+00:00,4624,SYSTEM,-,5,,
2025-10-17 21:33:30.581074+00:00,4624,SYSTEM,-,5,,
2025-10-17 21:33:30.615822+00:00,4624,SYSTEM,-,5,,
2025-10-17 21:33:30.621054+00:00,4624,SYSTEM,-,5,,
2025-10-17 21:33:30.622696+00:00,4624,SYSTEM,-,5,,
2025-10-17 21:33:30.635834+00:00,4624,SYSTEM,-,5,,
2025-10-17 21:33:30.665819+00:00,4624,SYSTEM,-,5,,
2025-10-17 21:33:30.665852+00:00,4624,SYSTEM,-,5,,
2025-10-17 21:33:30.680676+00:00,4624,SYSTEM,-,5,,
2025-10-17 21:33:30.703432+00:00,4624,SYSTEM,-,5,,
2025-10-17 21:33:30.818052+00:00,4624,SYSTEM,-,5,,
2025-10-17 21:33:30.991890+00:00,4624,SYSTEM,-,5,,
2025-10-17 21:33:31.026140+00:00,4624,SYSTEM,-,5,,
2025-10-17 21:33:31.138304+00:00,4624,SYSTEM,-,5,,
2025-10-17 21:33:31.138317+00:00,4624,SYSTEM,-,5,,
2025-10-17 21:33:31.138639+00:00,4624,SYSTEM,-,5,,
2025-10-17 21:33:31.180124+00:00,4624,SYSTEM,-,5,,
2025-10-17 21:33:31.238319+00:00,4624,SYSTEM,-,5,,
2025-10-17 21:33:31.353575+00:00,4624,SYSTEM,-,5,,
2025-10-17 21:33:31.481665+00:00,4624,SYSTEM,-,5,,
2025-10-17 21:33:31.751768+00:00,4624,SYSTEM,-,5,,
2025-10-17 21:33:31.768276+00:00,4624,SYSTEM,-,5,,
2025-10-17 21:33:32.035364+00:00,4624,SYSTEM,-,5,,
2025-10-17 21:33:32.055544+00:00,4624,SYSTEM,-,5,,
2025-10-17 21:33:32.371246+00:00,4624,SYSTEM,-,5,,
2025-10-17 21:33:32.376883+00:00,4624,SYSTEM,-,5,,
2025-10-17 21:33:32.377533+00:00,4624,SYSTEM,-,5,,
2025-10-17 21:33:32.377676+00:00,4624,SYSTEM,-,5,,
2025-10-17 21:33:32.377932+00:00,4624,SYSTEM,-,5,,
2025-10-17 21:33:32.378267+00:00,4624,SYSTEM,-,5,,
2025-10-17 21:33:32.379642+00:00,4624,SYSTEM,-,5,,
2025-10-17 21:33:33.178051+00:00,4624,SYSTEM,-,5,,
2025-10-17 21:33:33.277887+00:00,4624,SYSTEM,-,5,,
2025-10-17 21:33:35.700603+00:00,4624,SYSTEM,-,5,,
2025-10-17 21:33:35.793116+00:00,4624,SYSTEM,-,5,,
2025-10-17 21:33:35.793289+00:00,4624,SYSTEM,-,5,,
2025-10-17 21:33:36.485899+00:00,4624,SYSTEM,-,5,,
2025-10-17 21:33:37.460562+00:00,4624,SYSTEM,-,5,,
2025-10-17 21:33:51.621347+00:00,4624,SYSTEM,-,5,,
2025-10-17 21:33:51.930916+00:00,4624,SYSTEM,-,5,,
2025-10-17 21:33:59.266552+00:00,4624,SYSTEM,-,5,,
2025-10-17 21:34:04.577318+00:00,4624,SYSTEM,-,5,,
2025-10-17 21:34:05.050432+00:00,4624,SYSTEM,-,5,,
2025-10-17 21:34:06.608969+00:00,4624,SYSTEM,-,5,,
2025-10-17 21:34:07.738890+00:00,4624,SYSTEM,-,5,,
2025-10-17 21:35:03.813227+00:00,4624,SYSTEM,-,5,,
2025-10-17 21:35:44.975449+00:00,4624,SYSTEM,-,0,,
2025-10-17 21:35:45.190624+00:00,4624,SYSTEM,-,5,,
2025-10-17 21:35:45.190630+00:00,4624,UMFD-0,-,2,,
2025-10-17 21:35:45.190632+00:00,4624,UMFD-1,-,2,,
2025-10-17 21:35:45.253674+00:00,4624,LOCAL SERVICE,-,5,,
2025-10-17 21:35:45.273220+00:00,4624,NETWORK SERVICE,-,5,,
2025-10-17 21:35:45.312111+00:00,4624,SYSTEM,-,5,,
2025-10-17 21:35:45.419783+00:00,4624,DWM-1,-,2,,
2025-10-17 21:35:45.419794+00:00,4624,DWM-1,-,2,,
2025-10-17 21:35:45.471428+00:00,4624,SYSTEM,-,5,,
2025-10-17 21:35:45.471432+00:00,4624,SYSTEM,-,5,,
2025-10-17 21:35:45.500465+00:00,4624,SYSTEM,-,5,,
2025-10-17 21:35:45.534798+00:00,4624,SYSTEM,-,5,,
2025-10-17 21:35:45.540340+00:00,4624,SYSTEM,-,5,,
2025-10-17 21:35:45.542128+00:00,4624,SYSTEM,-,5,,
2025-10-17 21:35:45.554386+00:00,4624,SYSTEM,-,5,,
2025-10-17 21:35:45.571392+00:00,4624,SYSTEM,-,5,,
2025-10-17 21:35:45.615631+00:00,4624,SYSTEM,-,5,,
2025-10-17 21:35:45.633543+00:00,4624,SYSTEM,-,5,,
2025-10-17 21:35:45.649130+00:00,4624,SYSTEM,-,5,,
2025-10-17 21:35:45.741720+00:00,4624,SYSTEM,-,5,,
2025-10-17 21:35:45.988667+00:00,4624,SYSTEM,-,5,,
2025-10-17 21:35:46.030622+00:00,4624,SYSTEM,-,5,,
2025-10-17 21:35:46.138416+00:00,4624,SYSTEM,-,5,,
2025-10-17 21:35:46.139965+00:00,4624,SYSTEM,-,5,,
2025-10-17 21:35:46.139971+00:00,4624,SYSTEM,-,5,,
2025-10-17 21:35:46.195171+00:00,4624,SYSTEM,-,5,,
2025-10-17 21:35:46.258205+00:00,4624,SYSTEM,-,5,,
2025-10-17 21:35:46.348991+00:00,4624,SYSTEM,-,5,,
2025-10-17 21:35:46.478981+00:00,4624,SYSTEM,-,5,,
2025-10-17 21:35:46.778135+00:00,4624,SYSTEM,-,5,,
2025-10-17 21:35:46.792370+00:00,4624,SYSTEM,-,5,,
2025-10-17 21:35:47.032740+00:00,4624,SYSTEM,-,5,,
2025-10-17 21:35:47.057650+00:00,4624,SYSTEM,-,5,,
2025-10-17 21:35:47.387308+00:00,4624,SYSTEM,-,5,,
2025-10-17 21:35:47.391405+00:00,4624,SYSTEM,-,5,,
2025-10-17 21:35:47.393162+00:00,4624,SYSTEM,-,5,,
2025-10-17 21:35:47.412968+00:00,4624,SYSTEM,-,5,,
2025-10-17 21:35:47.416481+00:00,4624,SYSTEM,-,5,,
2025-10-17 21:35:47.446445+00:00,4624,SYSTEM,-,5,,
2025-10-17 21:35:47.470156+00:00,4624,SYSTEM,-,5,,
2025-10-17 21:35:50.482555+00:00,4624,SYSTEM,-,5,,
2025-10-17 21:35:50.482998+00:00,4624,SYSTEM,-,5,,
2025-10-17 21:35:51.092817+00:00,4624,SYSTEM,-,5,,
2025-10-17 21:35:59.709858+00:00,4624,SYSTEM,-,5,,
2025-10-17 21:35:59.765123+00:00,4624,SYSTEM,-,5,,
2025-10-17 21:35:59.784260+00:00,4624,SYSTEM,-,5,,
2025-10-17 21:36:21.054338+00:00,4624,SYSTEM,-,5,,
2025-10-17 21:36:32.168705+00:00,4624,Daniele Monaco,127.0.0.1,2,,
2025-10-17 21:36:32.168728+00:00,4624,Daniele Monaco,127.0.0.1,2,,
2025-10-17 21:36:32.427706+00:00,4624,SYSTEM,-,5,,
2025-10-17 21:36:32.950438+00:00,4624,SYSTEM,-,5,,
2025-10-17 21:36:32.965113+00:00,4624,SYSTEM,-,5,,
2025-10-17 21:36:33.811768+00:00,4624,SYSTEM,-,5,,
2025-10-17 21:36:34.754799+00:00,4624,SYSTEM,-,5,,
2025-10-17 21:36:34.834921+00:00,4624,SYSTEM,-,5,,
2025-10-17 21:36:35.377583+00:00,4624,SYSTEM,-,5,,
2025-10-17 21:36:40.994749+00:00,4624,SYSTEM,-,5,,
2025-10-17 21:36:41.895967+00:00,4624,SYSTEM,-,5,,
2025-10-17 21:36:49.303610+00:00,4624,SYSTEM,-,5,,
2025-10-17 21:36:49.655130+00:00,4624,SYSTEM,-,5,,
2025-10-17 21:36:53.385826+00:00,4624,SYSTEM,-,5,,
2025-10-17 21:36:53.609753+00:00,4624,SYSTEM,-,5,,
2025-10-17 21:36:54.522430+00:00,4624,SYSTEM,-,5,,
2025-10-17 21:37:02.147858+00:00,4624,SYSTEM,-,5,,
2025-10-17 21:37:03.348806+00:00,4624,UMFD-2,-,2,,
2025-10-17 21:37:03.672546+00:00,4624,DWM-2,-,2,,
2025-10-17 21:37:03.672586+00:00,4624,DWM-2,-,2,,
2025-10-17 21:37:03.751865+00:00,4624,SYSTEM,-,5,,
2025-10-17 21:37:08.455873+00:00,4624,SYSTEM,-,5,,
2025-10-17 21:37:15.075455+00:00,4624,SYSTEM,-,5,,
2025-10-18 12:02:37.877996+00:00,4624,Daniele Monaco,127.0.0.1,2,,
2025-10-18 12:02:37.878017+00:00,4624,Daniele Monaco,127.0.0.1,2,,
2025-10-18 12:02:39.859030+00:00,4624,SYSTEM,-,5,,
2025-10-18 12:02:39.922569+00:00,4624,SYSTEM,-,5,,
2025-10-18 12:02:40.785725+00:00,4624,SYSTEM,-,5,,
2025-10-18 12:02:44.269676+00:00,4624,Daniele Monaco,127.0.0.1,2,,
2025-10-18 12:02:44.269695+00:00,4624,Daniele Monaco,127.0.0.1,2,,
2025-10-18 12:02:47.604639+00:00,4624,SYSTEM,-,5,,
2025-10-18 12:02:50.297812+00:00,4624,SYSTEM,-,5,,
2025-10-18 12:02:52.739426+00:00,4624,SYSTEM,-,5,,
2025-10-18 12:02:52.745703+00:00,4624,SYSTEM,-,5,,
2025-10-18 12:02:52.747215+00:00,4624,SYSTEM,-,5,,
2025-10-18 12:02:52.751276+00:00,4624,SYSTEM,-,5,,
2025-10-18 12:02:52.752745+00:00,4624,SYSTEM,-,5,,
2025-10-18 12:02:52.804983+00:00,4624,SYSTEM,-,5,,
2025-10-18 12:02:52.960701+00:00,4624,SYSTEM,-,5,,
2025-10-18 12:02:53.066135+00:00,4624,SYSTEM,-,5,,
2025-10-18 12:02:53.801702+00:00,4624,SYSTEM,-,5,,
2025-10-18 12:02:53.804020+00:00,4624,SYSTEM,-,5,,
2025-10-18 12:02:53.805277+00:00,4624,SYSTEM,-,5,,
2025-10-18 12:02:53.808020+00:00,4624,SYSTEM,-,5,,
2025-10-18 12:02:53.809120+00:00,4624,SYSTEM,-,5,,
2025-10-18 12:02:53.813856+00:00,4624,SYSTEM,-,5,,
2025-10-18 12:02:53.884195+00:00,4624,SYSTEM,-,5,,
2025-10-18 12:02:53.966440+00:00,4624,SYSTEM,-,5,,
2025-10-18 12:03:04.557676+00:00,4624,SYSTEM,-,5,,
2025-10-18 12:03:09.478634+00:00,4624,SYSTEM,-,5,,
2025-10-18 12:03:18.564718+00:00,4624,SYSTEM,-,5,,
2025-10-18 12:03:19.111334+00:00,4624,SYSTEM,-,5,,
2025-10-18 12:04:51.959822+00:00,4624,SYSTEM,-,5,,
2025-10-18 12:06:57.108309+00:00,4624,SYSTEM,-,5,,
2025-10-18 12:07:37.745855+00:00,4624,SYSTEM,-,5,,
2025-10-18 12:07:39.137175+00:00,4624,SYSTEM,-,5,,
2025-10-18 12:09:53.893244+00:00,4624,SYSTEM,-,5,,
2025-10-18 12:10:34.914362+00:00,4624,SYSTEM,-,5,,
2025-10-18 12:10:35.138058+00:00,4624,SYSTEM,-,5,,
2025-10-18 12:11:14.461529+00:00,4624,SYSTEM,-,5,,
2025-10-18 12:16:02.503439+00:00,4624,SYSTEM,-,5,,
2025-10-18 12:16:04.207312+00:00,4624,SYSTEM,-,5,,
2025-10-18 12:17:39.636768+00:00,4624,SYSTEM,-,5,,
2025-10-18 12:17:41.463106+00:00,4624,SYSTEM,-,5,,
2025-10-18 12:17:58.879831+00:00,4624,SYSTEM,-,5,,
2025-10-18 12:18:32.495893+00:00,4624,SYSTEM,-,5,,
2025-10-18 12:21:59.013723+00:00,4624,SYSTEM,-,5,,
2025-10-18 12:26:03.109268+00:00,4624,SYSTEM,-,5,,
2025-10-18 12:31:03.353476+00:00,4624,SYSTEM,-,5,,
2025-10-18 12:32:44.229099+00:00,4624,SYSTEM,-,5,,
2025-10-18 12:33:44.571115+00:00,4624,SYSTEM,-,5,,
2025-10-18 12:36:03.539198+00:00,4624,SYSTEM,-,5,,
2025-10-18 12:44:59.421026+00:00,4624,SYSTEM,-,5,,
2025-10-18 12:47:44.362991+00:00,4624,SYSTEM,-,5,,
2025-10-18 12:49:07.798241+00:00,4624,SYSTEM,-,5,,
2025-10-18 12:49:41.527632+00:00,4624,SYSTEM,-,5,,
2025-10-18 12:50:05.839626+00:00,4624,SYSTEM,-,5,,
2025-10-18 12:50:06.285875+00:00,4624,SYSTEM,-,5,,
2025-10-18 12:51:00.781239+00:00,4624,SYSTEM,-,5,,
2025-10-18 12:55:21.165529+00:00,4624,SYSTEM,-,5,,
2025-10-18 13:00:21.455410+00:00,4624,SYSTEM,-,5,,
2025-10-18 13:02:44.421406+00:00,4624,SYSTEM,-,5,,
2025-10-18 13:05:21.584974+00:00,4624,SYSTEM,-,5,,
2025-10-18 13:15:22.728252+00:00,4624,SYSTEM,-,5,,
2025-10-18 13:15:23.031826+00:00,4624,SYSTEM,-,5,,
2025-10-18 13:17:44.543255+00:00,4624,SYSTEM,-,5,,
2025-10-18 13:25:24.705540+00:00,4624,SYSTEM,-,5,,
2025-10-18 13:25:24.797966+00:00,4624,SYSTEM,-,5,,
2025-10-18 13:28:01.876554+00:00,4624,SYSTEM,-,5,,
2025-10-18 13:28:02.048317+00:00,4624,SYSTEM,-,5,,
2025-10-18 13:32:44.627415+00:00,4624,SYSTEM,-,5,,
2025-10-18 13:33:03.430420+00:00,4624,SYSTEM,-,5,,
2025-10-18 13:35:58.973734+00:00,4624,SYSTEM,-,5,,
2025-10-18 13:39:05.910343+00:00,4624,SYSTEM,-,5,,
2025-10-18 13:41:02.611948+00:00,4624,SYSTEM,-,5,,
2025-10-18 13:46:02.813753+00:00,4624,SYSTEM,-,5,,
2025-10-18 13:47:44.718180+00:00,4624,SYSTEM,-,5,,
2025-10-18 13:51:02.939280+00:00,4624,SYSTEM,-,5,,
2025-10-18 13:55:43.845520+00:00,4624,SYSTEM,-,5,,
2025-10-18 13:55:54.225416+00:00,4624,SYSTEM,-,5,,
2025-10-18 14:01:15.509289+00:00,4624,SYSTEM,-,5,,
2025-10-18 14:02:39.130207+00:00,4624,SYSTEM,-,5,,
2025-10-18 14:02:39.267365+00:00,4624,SYSTEM,-,5,,
2025-10-18 14:02:44.835026+00:00,4624,SYSTEM,-,5,,
2025-10-18 14:02:47.794563+00:00,4624,SYSTEM,-,5,,
2025-10-18 14:02:48.184614+00:00,4624,SYSTEM,-,5,,
2025-10-18 14:04:32.406551+00:00,4624,SYSTEM,-,5,,
2025-10-18 14:05:15.388765+00:00,4624,SYSTEM,-,5,,
2025-10-18 14:09:33.004263+00:00,4624,SYSTEM,-,5,,
2025-10-18 14:09:34.123293+00:00,4624,SYSTEM,-,5,,
2025-10-18 14:14:33.234793+00:00,4624,SYSTEM,-,5,,
2025-10-18 14:17:44.909002+00:00,4624,SYSTEM,-,5,,
2025-10-18 14:19:33.435844+00:00,4624,SYSTEM,-,5,,
2025-10-18 14:22:24.832312+00:00,4624,SYSTEM,-,5,,
2025-10-18 14:32:45.039387+00:00,4624,SYSTEM,-,5,,
2025-10-18 14:34:33.689144+00:00,4624,SYSTEM,-,5,,
2025-10-18 14:39:33.822477+00:00,4624,SYSTEM,-,5,,
2025-10-18 14:43:35.537796+00:00,4624,SYSTEM,-,5,,
2025-10-18 14:43:45.819637+00:00,4624,SYSTEM,-,5,,
2025-10-18 14:47:45.152740+00:00,4624,SYSTEM,-,5,,
2025-10-18 14:51:52.148867+00:00,4624,SYSTEM,-,5,,
2025-10-18 14:51:52.185631+00:00,4624,SYSTEM,-,5,,
2025-10-18 14:51:52.309465+00:00,4624,SYSTEM,-,5,,
2025-10-18 14:51:52.642179+00:00,4624,SYSTEM,-,5,,
2025-10-18 14:51:52.756618+00:00,4624,SYSTEM,-,5,,
2025-10-18 14:51:52.864113+00:00,4624,SYSTEM,-,5,,
2025-10-18 14:51:52.879789+00:00,4624,SYSTEM,-,5,,
2025-10-18 14:51:53.748550+00:00,4624,SYSTEM,-,5,,
2025-10-18 14:52:03.144157+00:00,4624,SYSTEM,-,5,,
2025-10-18 14:52:05.438667+00:00,4624,SYSTEM,-,5,,
2025-10-18 14:52:14.971827+00:00,4624,SYSTEM,-,5,,
2025-10-18 14:52:24.159986+00:00,4624,SYSTEM,-,5,,
2025-10-18 14:52:52.190517+00:00,4624,SYSTEM,-,5,,
2025-10-18 14:52:52.241810+00:00,4624,SYSTEM,-,5,,
2025-10-18 14:53:31.196079+00:00,4624,SYSTEM,-,5,,
2025-10-18 14:54:29.839642+00:00,4624,SYSTEM,-,5,,
2025-10-18 14:54:34.980410+00:00,4624,SYSTEM,-,5,,
2025-10-18 14:54:35.167919+00:00,4624,SYSTEM,-,5,,
2025-10-18 14:54:36.065029+00:00,4624,SYSTEM,-,5,,
2025-10-18 14:54:38.847778+00:00,4624,SYSTEM,-,5,,
2025-10-18 14:54:43.904501+00:00,4624,SYSTEM,-,5,,
2025-10-18 14:54:59.758928+00:00,4624,SYSTEM,-,5,,
2025-10-18 14:55:17.865097+00:00,4624,SYSTEM,-,5,,
2025-10-18 14:57:00.920685+00:00,4624,SYSTEM,-,5,,
2025-10-18 15:01:52.785023+00:00,4624,SYSTEM,-,5,,
2025-10-18 15:01:53.066610+00:00,4624,SYSTEM,-,5,,
2025-10-18 15:02:01.976015+00:00,4624,SYSTEM,-,5,,
2025-10-18 15:03:20.766600+00:00,4624,SYSTEM,-,5,,
2025-10-18 15:03:23.846340+00:00,4624,SYSTEM,-,5,,
2025-10-18 15:16:37.055281+00:00,4624,SYSTEM,-,5,,
2025-10-18 15:16:41.969915+00:00,4624,Daniele Monaco,127.0.0.1,2,,
2025-10-18 15:16:41.969929+00:00,4624,Daniele Monaco,127.0.0.1,2,,
2025-10-18 15:20:43.160316+00:00,4624,SYSTEM,-,5,,
2025-10-18 15:21:06.139095+00:00,4624,SYSTEM,-,5,,
2025-10-18 15:23:13.702446+00:00,4624,SYSTEM,-,5,,
2025-10-18 15:23:19.802654+00:00,4624,UMFD-3,-,2,,
2025-10-18 15:23:19.879591+00:00,4624,DWM-3,-,2,,
2025-10-18 15:23:19.879606+00:00,4624,DWM-3,-,2,,
2025-10-18 15:23:20.092642+00:00,4624,SYSTEM,-,5,,
2025-10-18 15:23:20.791534+00:00,4624,SYSTEM,-,5,,
2025-10-18 15:23:23.862160+00:00,4624,SYSTEM,-,5,,
2025-10-18 15:23:28.860346+00:00,4624,SYSTEM,-,5,,
2025-10-21 10:32:50.053391+00:00,4624,Daniele Monaco,127.0.0.1,2,,
2025-10-21 10:32:50.053402+00:00,4624,Daniele Monaco,127.0.0.1,2,,
2025-10-21 10:32:51.350748+00:00,4624,SYSTEM,-,5,,
2025-10-21 10:32:52.076849+00:00,4624,SYSTEM,-,5,,
2025-10-21 10:33:14.588270+00:00,4624,SYSTEM,-,5,,
2025-10-21 10:33:20.625811+00:00,4624,Daniele Monaco,127.0.0.1,2,,
2025-10-21 10:33:20.625824+00:00,4624,Daniele Monaco,127.0.0.1,2,,
2025-10-21 10:33:20.658321+00:00,4624,SYSTEM,-,5,,
2025-10-21 10:33:33.482418+00:00,4624,SYSTEM,-,5,,
2025-10-21 10:33:45.900995+00:00,4624,SYSTEM,-,5,,
2025-10-21 10:34:10.336571+00:00,4624,SYSTEM,-,5,,
2025-10-21 10:37:51.218637+00:00,4624,SYSTEM,-,5,,
2025-10-21 10:37:52.561237+00:00,4624,SYSTEM,-,5,,
2025-10-21 10:37:57.653498+00:00,4624,SYSTEM,-,5,,
2025-10-21 10:38:47.929285+00:00,4624,SYSTEM,-,5,,
2025-10-21 10:38:49.270226+00:00,4624,SYSTEM,-,5,,
2025-10-21 10:38:51.252605+00:00,4624,SYSTEM,-,5,,
2025-10-21 10:38:51.258976+00:00,4624,SYSTEM,-,5,,
2025-10-21 10:38:51.260281+00:00,4624,SYSTEM,-,5,,
2025-10-21 10:38:51.263786+00:00,4624,SYSTEM,-,5,,
2025-10-21 10:38:51.265026+00:00,4624,SYSTEM,-,5,,
2025-10-21 10:38:51.271330+00:00,4624,SYSTEM,-,5,,
2025-10-21 10:38:51.365597+00:00,4624,SYSTEM,-,5,,
2025-10-21 10:38:51.494822+00:00,4624,SYSTEM,-,5,,
2025-10-21 10:38:52.216227+00:00,4624,SYSTEM,-,5,,
2025-10-21 10:38:52.218691+00:00,4624,SYSTEM,-,5,,
2025-10-21 10:38:52.220322+00:00,4624,SYSTEM,-,5,,
2025-10-21 10:38:52.223360+00:00,4624,SYSTEM,-,5,,
2025-10-21 10:38:52.224649+00:00,4624,SYSTEM,-,5,,
2025-10-21 10:38:52.229053+00:00,4624,SYSTEM,-,5,,
2025-10-21 10:38:52.312273+00:00,4624,SYSTEM,-,5,,
2025-10-21 10:38:52.428652+00:00,4624,SYSTEM,-,5,,
2025-10-21 10:38:52.541784+00:00,4624,SYSTEM,-,5,,
2025-10-21 10:38:52.601448+00:00,4624,SYSTEM,-,5,,
2025-10-21 10:38:52.626417+00:00,4624,SYSTEM,-,5,,
2025-10-21 10:38:52.629217+00:00,4624,SYSTEM,-,5,,
2025-10-21 10:38:52.630527+00:00,4624,SYSTEM,-,5,,
2025-10-21 10:38:52.633936+00:00,4624,SYSTEM,-,5,,
2025-10-21 10:38:52.635294+00:00,4624,SYSTEM,-,5,,
2025-10-21 10:38:52.642418+00:00,4624,SYSTEM,-,5,,
2025-10-21 10:38:52.686918+00:00,4624,SYSTEM,-,5,,
2025-10-21 10:38:57.901884+00:00,4624,SYSTEM,-,5,,
2025-10-21 10:39:00.676546+00:00,4624,SYSTEM,-,5,,
2025-10-21 10:39:01.160694+00:00,4624,SYSTEM,-,5,,
2025-10-21 10:39:04.967304+00:00,4624,SYSTEM,-,5,,
2025-10-21 10:39:04.971445+00:00,4624,SYSTEM,-,5,,
2025-10-21 10:39:04.973185+00:00,4624,SYSTEM,-,5,,
2025-10-21 10:39:04.977541+00:00,4624,SYSTEM,-,5,,
2025-10-21 10:39:04.979315+00:00,4624,SYSTEM,-,5,,
2025-10-21 10:39:04.987247+00:00,4624,SYSTEM,-,5,,
2025-10-21 10:39:05.070826+00:00,4624,SYSTEM,-,5,,
2025-10-21 10:39:05.168535+00:00,4624,SYSTEM,-,5,,
2025-10-21 10:39:15.418840+00:00,4624,SYSTEM,-,5,,
2025-10-21 10:44:18.342600+00:00,4624,SYSTEM,-,5,,
2025-10-21 10:45:32.619390+00:00,4624,SYSTEM,-,5,,
2025-10-21 10:46:00.500196+00:00,4624,SYSTEM,-,5,,
2025-10-21 10:47:50.592192+00:00,4624,SYSTEM,-,5,,
2025-10-21 10:47:51.395611+00:00,4624,SYSTEM,-,5,,
2025-10-21 10:47:56.862522+00:00,4624,SYSTEM,-,5,,
2025-10-21 10:48:26.464987+00:00,4624,SYSTEM,-,5,,
2025-10-21 10:48:53.059135+00:00,4624,SYSTEM,-,5,,
2025-10-21 10:49:12.057739+00:00,4624,SYSTEM,-,5,,
2025-10-21 10:49:12.101122+00:00,4624,SYSTEM,-,5,,
2025-10-21 10:49:47.074406+00:00,4624,SYSTEM,-,5,,
2025-10-21 10:54:31.108536+00:00,4624,SYSTEM,-,5,,
2025-10-21 11:02:56.819317+00:00,4624,SYSTEM,-,5,,
2025-10-21 11:03:14.821009+00:00,4624,SYSTEM,-,5,,
2025-10-21 11:03:57.641636+00:00,4624,SYSTEM,-,5,,
2025-10-21 11:15:05.005644+00:00,4624,SYSTEM,-,5,,
2025-10-21 11:17:56.824551+00:00,4624,SYSTEM,-,5,,
2025-10-21 11:18:57.563528+00:00,4624,SYSTEM,-,5,,
2025-10-21 11:22:25.359770+00:00,4624,SYSTEM,-,5,,
2025-10-21 11:22:25.536283+00:00,4624,SYSTEM,-,5,,
2025-10-21 11:24:34.033552+00:00,4624,SYSTEM,-,5,,
2025-10-21 11:29:50.833158+00:00,4624,SYSTEM,-,5,,
2025-10-21 11:31:20.204794+00:00,4624,SYSTEM,-,5,,
2025-10-21 11:32:50.473644+00:00,4624,SYSTEM,-,5,,
2025-10-21 11:32:56.829346+00:00,4624,SYSTEM,-,5,,
2025-10-21 11:32:57.833931+00:00,4624,SYSTEM,-,5,,
2025-10-21 11:33:01.283463+00:00,4624,SYSTEM,-,5,,
2025-10-21 11:37:32.536037+00:00,4624,SYSTEM,-,5,,
2025-10-21 11:39:15.625656+00:00,4624,SYSTEM,-,5,,
2025-10-21 11:44:42.097616+00:00,4624,SYSTEM,-,5,,
2025-10-21 11:47:56.846523+00:00,4624,SYSTEM,-,5,,
2025-10-21 11:57:50.779779+00:00,4624,SYSTEM,-,5,,
2025-10-21 11:58:25.085379+00:00,4624,SYSTEM,-,5,,
2025-10-21 12:02:15.967312+00:00,4624,SYSTEM,-,5,,
2025-10-21 12:02:56.880800+00:00,4624,SYSTEM,-,5,,
2025-10-21 12:04:34.950838+00:00,4624,SYSTEM,-,5,,
2025-10-21 12:04:36.673225+00:00,4624,SYSTEM,-,5,,
2025-10-21 12:04:36.801531+00:00,4624,SYSTEM,-,5,,
2025-10-21 12:04:37.067551+00:00,4624,SYSTEM,-,5,,
2025-10-21 12:04:37.229187+00:00,4624,SYSTEM,-,5,,
2025-10-21 12:04:38.827169+00:00,4624,SYSTEM,-,5,,
2025-10-21 12:04:38.911293+00:00,4624,SYSTEM,-,5,,
2025-10-21 15:04:57.940548+00:00,4624,SYSTEM,-,5,,
2025-10-22 15:47:44.983448+00:00,4624,SYSTEM,-,5,,
2025-10-22 15:47:47.497269+00:00,4624,SYSTEM,-,5,,
2025-10-22 15:47:47.996315+00:00,4624,SYSTEM,-,5,,
2025-10-22 15:47:55.229734+00:00,4624,Daniele Monaco,127.0.0.1,2,,
2025-10-22 15:47:55.229746+00:00,4624,Daniele Monaco,127.0.0.1,2,,
2025-10-22 15:47:58.865423+00:00,4624,SYSTEM,-,5,,
2025-10-22 15:48:04.248447+00:00,4624,SYSTEM,-,5,,
2025-10-22 15:48:04.529650+00:00,4624,SYSTEM,-,5,,
2025-10-22 15:48:04.581121+00:00,4624,SYSTEM,-,5,,
2025-10-22 15:48:17.461178+00:00,4624,SYSTEM,-,5,,
2025-10-22 15:48:55.208723+00:00,4624,SYSTEM,-,5,,
2025-10-22 15:52:47.291103+00:00,4624,SYSTEM,-,5,,
2025-10-22 15:52:47.705008+00:00,4624,SYSTEM,-,5,,
2025-10-22 15:53:43.934488+00:00,4624,SYSTEM,-,5,,
2025-10-22 15:53:44.195076+00:00,4624,SYSTEM,-,5,,
2025-10-22 15:53:46.092466+00:00,4624,SYSTEM,-,5,,
2025-10-22 15:53:46.159735+00:00,4624,SYSTEM,-,5,,
2025-10-22 15:53:48.457571+00:00,4624,SYSTEM,-,5,,
2025-10-22 15:53:48.462095+00:00,4624,SYSTEM,-,5,,
2025-10-22 15:53:48.463140+00:00,4624,SYSTEM,-,5,,
2025-10-22 15:53:48.475496+00:00,4624,SYSTEM,-,5,,
2025-10-22 15:53:48.476269+00:00,4624,SYSTEM,-,5,,
2025-10-22 15:53:48.482838+00:00,4624,SYSTEM,-,5,,
2025-10-22 15:53:48.634457+00:00,4624,SYSTEM,-,5,,
2025-10-22 15:53:48.789225+00:00,4624,SYSTEM,-,5,,
2025-10-22 15:53:49.061501+00:00,4624,SYSTEM,-,5,,
2025-10-22 15:53:49.063450+00:00,4624,SYSTEM,-,5,,
2025-10-22 15:53:49.064375+00:00,4624,SYSTEM,-,5,,
2025-10-22 15:53:49.066578+00:00,4624,SYSTEM,-,5,,
2025-10-22 15:53:49.067442+00:00,4624,SYSTEM,-,5,,
2025-10-22 15:53:49.076706+00:00,4624,SYSTEM,-,5,,
2025-10-22 15:53:49.146547+00:00,4624,SYSTEM,-,5,,
2025-10-22 15:53:49.243084+00:00,4624,SYSTEM,-,5,,
2025-10-22 15:53:53.553894+00:00,4624,SYSTEM,-,5,,
2025-10-22 15:53:58.328571+00:00,4624,SYSTEM,-,5,,
2025-10-22 15:56:45.671162+00:00,4624,SYSTEM,-,5,,
2025-10-22 15:57:16.862917+00:00,4624,SYSTEM,-,5,,
2025-10-22 15:58:07.822317+00:00,4624,SYSTEM,-,5,,
2025-10-22 15:59:06.153887+00:00,4624,SYSTEM,-,5,,
2025-10-22 15:59:10.495029+00:00,4624,SYSTEM,-,5,,
2025-10-22 15:59:10.549486+00:00,4624,SYSTEM,-,5,,
2025-10-22 15:59:10.600266+00:00,4624,SYSTEM,-,5,,
2025-10-22 16:02:55.260408+00:00,4624,SYSTEM,-,5,,
2025-10-22 16:02:57.582026+00:00,4624,SYSTEM,-,5,,
2025-10-22 16:03:57.779665+00:00,4624,SYSTEM,-,5,,
2025-10-22 16:04:04.050985+00:00,4624,SYSTEM,-,5,,
2025-10-22 16:04:04.316490+00:00,4624,SYSTEM,-,5,,
2025-10-22 16:04:26.194859+00:00,4624,SYSTEM,-,5,,
2025-10-22 16:04:36.977034+00:00,4624,SYSTEM,-,5,,
2025-10-22 16:08:26.644291+00:00,4624,SYSTEM,-,5,,
2025-10-22 16:13:26.864113+00:00,4624,SYSTEM,-,5,,
2025-10-22 16:17:47.359556+00:00,4624,SYSTEM,-,5,,
2025-10-22 16:23:27.290241+00:00,4624,SYSTEM,-,5,,
2025-10-22 16:28:27.467310+00:00,4624,SYSTEM,-,5,,
2025-10-22 16:32:47.680744+00:00,4624,SYSTEM,-,5,,
2025-10-22 16:33:27.621098+00:00,4624,SYSTEM,-,5,,
2025-10-22 16:38:27.792978+00:00,4624,SYSTEM,-,5,,
2025-10-22 16:40:45.478132+00:00,4624,SYSTEM,-,5,,
2025-10-22 16:40:45.940035+00:00,4624,SYSTEM,-,5,,
2025-10-22 16:40:50.807520+00:00,4624,SYSTEM,-,5,,
2025-10-22 16:45:41.587017+00:00,4624,SYSTEM,-,5,,
2025-10-22 16:47:24.871052+00:00,4624,SYSTEM,-,5,,
2025-10-22 16:47:47.780207+00:00,4624,SYSTEM,-,5,,
2025-10-22 16:49:45.327551+00:00,4624,SYSTEM,-,5,,
2025-10-22 16:50:23.251961+00:00,4624,SYSTEM,-,5,,
2025-10-22 17:00:23.825531+00:00,4624,SYSTEM,-,5,,
2025-10-22 17:02:47.877470+00:00,4624,SYSTEM,-,5,,
2025-10-22 17:05:23.995287+00:00,4624,SYSTEM,-,5,,
2025-10-22 17:10:24.176306+00:00,4624,SYSTEM,-,5,,
2025-10-22 17:15:24.344482+00:00,4624,SYSTEM,-,5,,
2025-10-22 17:17:47.973970+00:00,4624,SYSTEM,-,5,,
2025-10-22 17:20:24.503325+00:00,4624,SYSTEM,-,5,,
2025-10-22 17:21:09.078682+00:00,4624,SYSTEM,-,5,,
2025-10-22 17:21:12.180632+00:00,4624,SYSTEM,-,5,,
2025-10-22 17:21:15.118879+00:00,4624,SYSTEM,-,5,,
2025-10-22 17:21:19.014776+00:00,4624,SYSTEM,-,5,,
2025-10-22 17:25:29.305714+00:00,4624,SYSTEM,-,5,,
2025-10-22 17:25:29.520168+00:00,4624,SYSTEM,-,5,,
2025-10-22 17:27:58.397013+00:00,4624,SYSTEM,-,5,,
2025-10-22 17:28:02.958227+00:00,4624,SYSTEM,-,5,,
2025-10-22 17:31:01.228823+00:00,4624,SYSTEM,-,5,,
2025-10-22 17:31:13.527958+00:00,4624,SYSTEM,-,5,,
2025-10-22 17:36:01.901945+00:00,4624,SYSTEM,-,5,,
2025-10-22 17:41:02.181877+00:00,4624,SYSTEM,-,5,,
2025-10-22 17:46:02.341272+00:00,4624,SYSTEM,-,5,,
2025-10-22 17:46:13.747757+00:00,4624,SYSTEM,-,5,,
2025-10-22 17:49:40.132114+00:00,4624,SYSTEM,-,5,,
2025-10-22 17:55:22.445383+00:00,4624,SYSTEM,-,5,,
2025-10-22 18:10:22.950653+00:00,4624,SYSTEM,-,5,,
2025-10-22 18:10:32.913305+00:00,4624,SYSTEM,-,5,,
2025-10-22 18:15:23.135761+00:00,4624,SYSTEM,-,5,,
2025-10-22 18:17:19.151167+00:00,4624,SYSTEM,-,5,,
2025-10-22 18:17:19.781275+00:00,4624,SYSTEM,-,5,,
2025-10-22 18:20:23.317101+00:00,4624,SYSTEM,-,5,,
2025-10-22 18:23:05.086315+00:00,4624,SYSTEM,-,5,,
2025-10-22 18:25:33.014017+00:00,4624,SYSTEM,-,5,,
2025-10-22 18:25:50.781046+00:00,4624,SYSTEM,-,5,,
2025-10-22 18:30:22.605581+00:00,4624,SYSTEM,-,5,,
2025-10-22 18:33:17.819231+00:00,4624,SYSTEM,-,5,,
2025-10-22 18:33:40.335621+00:00,4624,SYSTEM,-,5,,
2025-10-22 18:33:40.349398+00:00,4624,SYSTEM,-,5,,
2025-10-22 18:33:40.942492+00:00,4624,SYSTEM,-,5,,
2025-10-22 18:33:41.444544+00:00,4624,SYSTEM,-,5,,
2025-10-22 18:33:46.197119+00:00,4624,SYSTEM,-,5,,
2025-10-22 18:34:37.406801+00:00,4624,SYSTEM,-,5,,
2025-10-22 18:38:40.875450+00:00,4624,SYSTEM,-,5,,
2025-10-22 18:38:44.561161+00:00,4624,SYSTEM,-,5,,
2025-10-22 18:38:52.899460+00:00,4624,SYSTEM,-,5,,
2025-10-22 18:38:52.954082+00:00,4624,SYSTEM,-,5,,
2025-10-22 18:38:55.963541+00:00,4624,SYSTEM,-,5,,
2025-10-22 18:39:13.069895+00:00,4624,SYSTEM,-,5,,
2025-10-22 18:43:28.827614+00:00,4624,SYSTEM,-,5,,
2025-10-22 18:44:59.769035+00:00,4624,SYSTEM,-,5,,
2025-10-22 18:45:34.899298+00:00,4624,SYSTEM,-,5,,
2025-10-22 18:55:33.103048+00:00,4624,SYSTEM,-,5,,
2025-10-22 19:03:20.133919+00:00,4624,SYSTEM,-,5,,
2025-10-22 19:06:55.379414+00:00,4624,SYSTEM,-,5,,
2025-10-22 19:06:58.511251+00:00,4624,SYSTEM,-,5,,
2025-10-22 19:51:30.623190+00:00,4624,SYSTEM,-,5,,
2025-10-22 19:51:31.065733+00:00,4624,SYSTEM,-,5,,
2025-10-22 19:51:31.153046+00:00,4624,SYSTEM,-,5,,
2025-10-22 19:51:31.468313+00:00,4624,SYSTEM,-,5,,
2025-10-22 19:51:38.622282+00:00,4624,Daniele Monaco,127.0.0.1,2,,
2025-10-22 19:51:38.622295+00:00,4624,Daniele Monaco,127.0.0.1,2,,
2025-10-22 19:52:26.069532+00:00,4624,SYSTEM,-,5,,
2025-10-22 19:57:27.383121+00:00,4624,SYSTEM,-,5,,
2025-10-22 19:59:46.253349+00:00,4624,SYSTEM,-,5,,
2025-10-22 20:04:46.412951+00:00,4624,SYSTEM,-,5,,
2025-10-22 20:06:31.087757+00:00,4624,SYSTEM,-,5,,
2025-10-22 20:09:37.270269+00:00,4624,SYSTEM,-,5,,
2025-10-22 20:10:22.576128+00:00,4624,SYSTEM,-,5,,
2025-10-22 20:10:25.578753+00:00,4624,SYSTEM,-,5,,
2025-10-22 20:10:49.872141+00:00,4624,SYSTEM,-,5,,
2025-10-22 20:14:39.378164+00:00,4624,SYSTEM,-,5,,
2025-10-22 20:15:18.992764+00:00,4624,SYSTEM,-,5,,
2025-10-22 20:20:43.099646+00:00,4624,SYSTEM,-,5,,
2025-10-22 20:21:31.190634+00:00,4624,SYSTEM,-,5,,
2025-10-22 20:25:05.342218+00:00,4624,SYSTEM,-,5,,
2025-10-22 20:25:06.094242+00:00,4624,SYSTEM,-,5,,
2025-10-22 20:27:34.425789+00:00,4624,SYSTEM,-,5,,
2025-10-22 20:32:36.305153+00:00,4624,SYSTEM,-,5,,
2025-10-22 20:36:12.136959+00:00,4624,SYSTEM,-,5,,
2025-10-22 20:36:31.292847+00:00,4624,SYSTEM,-,5,,
2025-10-22 20:38:41.567440+00:00,4624,SYSTEM,-,5,,
2025-10-22 20:41:12.440664+00:00,4624,SYSTEM,-,5,,
2025-10-22 20:46:07.031597+00:00,4624,SYSTEM,-,5,,
2025-10-22 20:46:17.734339+00:00,4624,SYSTEM,-,5,,
2025-10-22 20:48:33.701433+00:00,4624,UMFD-4,-,2,,
2025-10-22 20:48:33.763880+00:00,4624,SYSTEM,-,5,,
2025-10-22 20:48:33.817226+00:00,4624,DWM-4,-,2,,
2025-10-22 20:48:33.817249+00:00,4624,DWM-4,-,2,,
2025-10-22 20:48:33.986830+00:00,4624,SYSTEM,-,5,,
2025-10-22 20:48:36.620583+00:00,4624,SYSTEM,-,5,,
2025-10-22 20:48:36.860197+00:00,4624,SYSTEM,-,5,,
2025-10-22 20:48:42.303112+00:00,4624,SYSTEM,-,5,,
2025-10-23 11:39:20.180834+00:00,4624,SYSTEM,-,5,,
2025-10-23 11:39:20.869360+00:00,4624,Daniele Monaco,127.0.0.1,2,,
2025-10-23 11:39:20.869452+00:00,4624,Daniele Monaco,127.0.0.1,2,,
2025-10-23 11:39:22.535927+00:00,4624,SYSTEM,-,5,,
2025-10-23 11:39:29.540195+00:00,4624,SYSTEM,-,5,,
2025-10-23 11:39:29.922955+00:00,4624,SYSTEM,-,5,,
2025-10-23 11:39:38.007776+00:00,4624,Daniele Monaco,127.0.0.1,2,,
2025-10-23 11:39:38.007786+00:00,4624,Daniele Monaco,127.0.0.1,2,,
2025-10-23 11:39:44.389292+00:00,4624,SYSTEM,-,5,,
2025-10-23 11:39:46.334499+00:00,4624,SYSTEM,-,5,,
2025-10-23 11:39:57.809284+00:00,4624,SYSTEM,-,5,,
2025-10-23 11:44:21.860384+00:00,4624,SYSTEM,-,5,,
2025-10-23 11:45:18.804487+00:00,4624,SYSTEM,-,5,,
2025-10-23 11:45:20.092394+00:00,4624,SYSTEM,-,5,,
2025-10-23 11:45:20.156706+00:00,4624,SYSTEM,-,5,,
2025-10-23 11:45:21.104067+00:00,4624,SYSTEM,-,5,,
2025-10-23 11:46:51.077948+00:00,4624,SYSTEM,-,5,,
2025-10-23 11:52:04.299023+00:00,4624,SYSTEM,-,5,,
2025-10-23 11:54:21.926016+00:00,4624,SYSTEM,-,5,,
2025-10-23 11:54:22.159763+00:00,4624,SYSTEM,-,5,,
2025-10-23 11:54:22.266401+00:00,4624,SYSTEM,-,5,,
2025-10-23 11:54:32.670191+00:00,4624,SYSTEM,-,5,,
2025-10-23 11:54:40.383028+00:00,4624,SYSTEM,-,5,,
2025-10-23 11:54:57.313906+00:00,4624,SYSTEM,-,5,,
2025-10-23 12:02:39.262611+00:00,4624,SYSTEM,-,5,,
2025-10-23 12:08:22.016052+00:00,4624,SYSTEM,-,5,,
2025-10-23 12:09:02.764002+00:00,4624,SYSTEM,-,5,,
2025-10-23 12:10:27.295658+00:00,4624,SYSTEM,-,5,,
2025-10-23 12:24:32.727737+00:00,4624,SYSTEM,-,5,,
2025-10-23 12:25:27.302118+00:00,4624,SYSTEM,-,5,,
2025-10-23 12:32:51.237560+00:00,4624,SYSTEM,-,5,,
2025-10-23 12:37:56.212696+00:00,4624,SYSTEM,-,5,,
2025-10-23 12:39:32.787651+00:00,4624,SYSTEM,-,5,,
2025-10-23 12:40:00.372679+00:00,4624,SYSTEM,-,5,,
2025-10-23 12:40:40.440880+00:00,4624,SYSTEM,-,5,,
2025-10-23 12:50:10.088097+00:00,4624,SYSTEM,-,5,,
2025-10-23 12:50:11.083727+00:00,4624,SYSTEM,-,5,,
2025-10-23 12:50:16.715094+00:00,4624,SYSTEM,-,5,,
2025-10-23 13:03:51.926296+00:00,4624,SYSTEM,-,5,,
2025-10-23 13:04:43.896393+00:00,4624,SYSTEM,-,5,,
2025-10-23 13:07:04.396755+00:00,4624,SYSTEM,-,5,,
2025-10-23 13:09:39.059677+00:00,4624,SYSTEM,-,5,,
2025-10-23 13:13:33.814640+00:00,4624,SYSTEM,-,5,,
2025-10-23 13:14:36.687128+00:00,4624,SYSTEM,-,5,,
2025-10-23 13:14:40.882799+00:00,4624,SYSTEM,-,5,,
2025-10-23 13:14:40.887403+00:00,4624,SYSTEM,-,5,,
2025-10-23 13:14:40.888493+00:00,4624,SYSTEM,-,5,,
2025-10-23 13:14:40.890957+00:00,4624,SYSTEM,-,5,,
2025-10-23 13:14:40.891701+00:00,4624,SYSTEM,-,5,,
2025-10-23 13:14:40.903711+00:00,4624,SYSTEM,-,5,,
2025-10-23 13:14:41.013733+00:00,4624,SYSTEM,-,5,,
2025-10-23 13:14:41.186581+00:00,4624,SYSTEM,-,5,,
2025-10-23 13:14:41.481918+00:00,4624,SYSTEM,-,5,,
2025-10-23 13:14:41.484024+00:00,4624,SYSTEM,-,5,,
2025-10-23 13:14:41.485376+00:00,4624,SYSTEM,-,5,,
2025-10-23 13:14:41.488043+00:00,4624,SYSTEM,-,5,,
2025-10-23 13:14:41.489210+00:00,4624,SYSTEM,-,5,,
2025-10-23 13:14:41.499962+00:00,4624,SYSTEM,-,5,,
2025-10-23 13:14:41.598543+00:00,4624,SYSTEM,-,5,,
2025-10-23 13:14:41.737234+00:00,4624,SYSTEM,-,5,,
2025-10-23 13:24:32.876579+00:00,4624,SYSTEM,-,5,,
2025-10-23 13:24:51.104906+00:00,4624,SYSTEM,-,5,,
2025-10-23 13:24:56.606058+00:00,4624,SYSTEM,-,5,,
2025-10-23 13:36:33.486847+00:00,4624,SYSTEM,-,5,,
2025-10-23 13:39:21.856676+00:00,4624,SYSTEM,-,5,,
2025-10-23 13:39:21.928331+00:00,4624,SYSTEM,-,5,,
2025-10-23 13:39:27.250278+00:00,4624,SYSTEM,-,5,,
2025-10-23 13:39:27.433229+00:00,4624,SYSTEM,-,5,,
2025-10-23 13:39:32.948460+00:00,4624,SYSTEM,-,5,,
2025-10-23 13:42:19.833324+00:00,4624,SYSTEM,-,5,,
2025-10-23 13:43:33.915642+00:00,4624,SYSTEM,-,5,,
2025-10-23 13:53:00.934702+00:00,4624,SYSTEM,-,5,,
2025-10-23 13:54:33.013794+00:00,4624,SYSTEM,-,5,,
2025-10-23 14:05:40.303181+00:00,4624,SYSTEM,-,5,,
2025-10-23 14:09:33.081642+00:00,4624,SYSTEM,-,5,,
2025-10-23 14:11:13.873720+00:00,4624,SYSTEM,-,5,,
2025-10-23 14:23:01.061623+00:00,4624,SYSTEM,-,5,,
2025-10-23 14:24:33.150383+00:00,4624,SYSTEM,-,5,,
2025-10-23 14:39:33.213102+00:00,4624,SYSTEM,-,5,,
2025-10-23 14:42:20.111935+00:00,4624,SYSTEM,-,5,,
2025-10-23 14:49:42.265795+00:00,4624,SYSTEM,-,5,,
2025-10-23 14:54:33.279465+00:00,4624,SYSTEM,-,5,,
2025-10-23 15:05:51.079592+00:00,4624,SYSTEM,-,5,,
2025-10-23 15:06:06.998451+00:00,4624,SYSTEM,-,5,,
2025-10-23 15:06:07.188087+00:00,4624,SYSTEM,-,5,,
2025-10-23 15:06:07.745615+00:00,4624,SYSTEM,-,5,,
2025-10-23 15:09:33.346107+00:00,4624,SYSTEM,-,5,,
2025-10-23 15:11:08.520906+00:00,4624,SYSTEM,-,5,,
2025-10-23 15:17:13.076223+00:00,4624,SYSTEM,-,5,,
2025-10-23 15:19:38.560331+00:00,4624,SYSTEM,-,5,,
2025-10-23 15:24:33.420929+00:00,4624,SYSTEM,-,5,,
2025-10-23 15:24:38.765877+00:00,4624,SYSTEM,-,5,,
2025-10-23 15:29:27.003792+00:00,4624,SYSTEM,-,5,,
2025-10-23 15:29:27.597034+00:00,4624,SYSTEM,-,5,,
2025-10-23 15:29:37.494638+00:00,4624,SYSTEM,-,5,,
2025-10-23 15:34:27.534969+00:00,4624,SYSTEM,-,5,,
2025-10-23 15:39:33.646450+00:00,4624,SYSTEM,-,5,,
2025-10-23 15:41:15.629141+00:00,4624,SYSTEM,-,5,,
2025-10-23 15:43:34.158602+00:00,4624,SYSTEM,-,5,,
2025-10-23 15:47:53.569061+00:00,4624,SYSTEM,-,5,,
2025-10-23 15:48:34.959837+00:00,4624,SYSTEM,-,5,,
2025-10-23 15:48:35.668558+00:00,4624,SYSTEM,-,5,,
2025-10-23 15:53:45.681698+00:00,4624,SYSTEM,-,5,,
2025-10-23 15:54:33.746372+00:00,4624,SYSTEM,-,5,,
2025-10-23 15:55:36.263033+00:00,4624,SYSTEM,-,5,,
2025-10-23 15:56:15.526127+00:00,4624,SYSTEM,-,5,,
2025-10-23 16:03:04.860355+00:00,4624,SYSTEM,-,5,,
2025-10-23 16:07:59.146538+00:00,4624,SYSTEM,-,5,,
2025-10-23 16:09:33.846327+00:00,4624,SYSTEM,-,5,,
2025-10-23 16:10:44.062429+00:00,4624,SYSTEM,-,5,,
2025-10-23 16:11:31.559246+00:00,4624,SYSTEM,-,5,,
2025-10-23 16:16:32.163420+00:00,4624,SYSTEM,-,5,,
2025-10-23 16:16:33.278982+00:00,4624,SYSTEM,-,5,,
2025-10-23 16:21:32.373074+00:00,4624,SYSTEM,-,5,,
2025-10-23 16:24:33.907635+00:00,4624,SYSTEM,-,5,,
2025-10-23 16:31:32.582706+00:00,4624,SYSTEM,-,5,,
2025-10-23 16:36:32.785938+00:00,4624,SYSTEM,-,5,,
2025-10-23 16:39:33.992092+00:00,4624,SYSTEM,-,5,,
2025-10-23 16:41:19.442150+00:00,4624,SYSTEM,-,5,,
2025-10-23 16:41:21.278748+00:00,4624,SYSTEM,-,5,,
2025-10-23 16:41:39.993216+00:00,4624,SYSTEM,-,5,,
2025-10-23 16:41:44.831244+00:00,4624,SYSTEM,-,5,,
2025-10-23 16:41:45.327539+00:00,4624,SYSTEM,-,5,,
2025-10-23 16:42:02.494915+00:00,4624,SYSTEM,-,5,,
2025-10-23 16:42:45.422972+00:00,4624,SYSTEM,-,5,,
2025-10-23 16:43:15.977180+00:00,4624,SYSTEM,-,5,,
2025-10-23 16:43:16.053665+00:00,4624,SYSTEM,-,5,,
2025-10-23 16:43:23.942076+00:00,4624,SYSTEM,-,5,,
2025-10-23 16:43:41.493328+00:00,4624,SYSTEM,-,5,,
2025-10-23 16:51:47.370264+00:00,4624,SYSTEM,-,5,,
2025-10-23 16:54:34.087450+00:00,4624,SYSTEM,-,5,,
2025-10-23 17:01:19.591648+00:00,4624,SYSTEM,-,5,,
2025-10-23 17:01:19.958834+00:00,4624,SYSTEM,-,5,,
2025-10-23 17:01:20.637007+00:00,4624,SYSTEM,-,5,,
2025-10-23 17:06:20.896971+00:00,4624,SYSTEM,-,5,,
2025-10-23 17:09:34.165754+00:00,4624,SYSTEM,-,5,,
2025-10-23 17:13:25.124273+00:00,4624,SYSTEM,-,5,,
2025-10-23 17:13:25.124384+00:00,4624,SYSTEM,-,5,,
2025-10-23 17:19:22.942844+00:00,4624,SYSTEM,-,5,,
2025-10-23 17:24:34.252903+00:00,4624,SYSTEM,-,5,,
2025-10-23 17:25:18.850863+00:00,4624,SYSTEM,-,5,,
2025-10-23 17:26:47.468971+00:00,4624,SYSTEM,-,5,,
2025-10-23 17:26:49.003372+00:00,4624,SYSTEM,-,5,,
2025-10-23 17:29:28.229910+00:00,4624,SYSTEM,-,5,,
2025-10-23 17:33:29.369074+00:00,4624,SYSTEM,-,5,,
2025-10-23 17:37:30.484699+00:00,4624,SYSTEM,-,5,,
2025-10-23 17:38:48.540384+00:00,4624,SYSTEM,-,5,,
2025-10-23 17:39:34.343090+00:00,4624,SYSTEM,-,5,,
2025-10-23 17:41:31.733990+00:00,4624,SYSTEM,-,5,,
2025-10-23 17:45:34.040447+00:00,4624,SYSTEM,-,5,,
2025-10-23 17:48:01.805031+00:00,4624,SYSTEM,-,5,,
2025-10-23 17:49:35.111408+00:00,4624,SYSTEM,-,5,,
2025-10-23 17:53:36.191463+00:00,4624,SYSTEM,-,5,,
2025-10-23 17:54:34.502102+00:00,4624,SYSTEM,-,5,,
2025-10-23 17:57:37.241674+00:00,4624,SYSTEM,-,5,,
2025-10-23 18:02:49.807283+00:00,4624,SYSTEM,-,5,,
2025-10-23 18:03:00.476414+00:00,4624,SYSTEM,-,5,,
2025-10-23 18:05:39.300035+00:00,4624,SYSTEM,-,5,,
2025-10-23 18:09:34.590616+00:00,4624,SYSTEM,-,5,,
2025-10-23 18:10:40.213806+00:00,4624,SYSTEM,-,5,,
2025-10-23 18:11:15.515467+00:00,4624,SYSTEM,-,5,,
2025-10-23 18:17:43.741909+00:00,4624,SYSTEM,-,5,,
2025-10-23 18:18:41.714706+00:00,4624,SYSTEM,-,5,,
2025-10-23 18:20:53.779608+00:00,4624,UMFD-5,-,2,,
2025-10-23 18:20:54.062519+00:00,4624,DWM-5,-,2,,
2025-10-23 18:20:54.062634+00:00,4624,DWM-5,-,2,,
2025-10-23 18:20:54.266344+00:00,4624,SYSTEM,-,5,,
2025-10-23 18:20:55.032799+00:00,4624,SYSTEM,-,5,,
2025-10-23 18:21:07.892134+00:00,4624,SYSTEM,-,5,,
2025-10-23 18:21:08.181780+00:00,4624,SYSTEM,-,5,,
2025-10-23 18:21:12.284927+00:00,4624,SYSTEM,-,5,,
2025-10-23 18:21:13.092783+00:00,4624,SYSTEM,-,5,,
2025-10-30 15:02:27.568462+00:00,4624,Daniele Monaco,127.0.0.1,2,,
2025-10-30 15:02:27.568489+00:00,4624,Daniele Monaco,127.0.0.1,2,,
2025-10-30 15:02:29.009344+00:00,4624,SYSTEM,-,5,,
2025-10-30 15:02:29.690157+00:00,4624,SYSTEM,-,5,,
2025-10-30 15:02:39.659809+00:00,4624,SYSTEM,-,5,,
2025-10-30 15:02:54.814585+00:00,4624,SYSTEM,-,5,,
2025-10-30 15:03:15.954617+00:00,4624,Daniele Monaco,127.0.0.1,2,,
2025-10-30 15:03:15.954630+00:00,4624,Daniele Monaco,127.0.0.1,2,,
2025-10-30 15:03:15.993948+00:00,4624,SYSTEM,-,5,,
2025-10-30 15:03:21.446142+00:00,4624,SYSTEM,-,5,,
2025-10-30 15:03:21.500017+00:00,4624,SYSTEM,-,5,,
2025-10-30 15:03:50.779547+00:00,4624,SYSTEM,-,5,,
2025-10-30 15:04:23.918995+00:00,4624,SYSTEM,-,5,,
2025-10-30 15:04:33.411417+00:00,4624,SYSTEM,-,5,,
2025-10-30 15:06:41.266911+00:00,4624,SYSTEM,-,5,,
2025-10-30 15:07:28.926153+00:00,4624,SYSTEM,-,5,,
2025-10-30 15:07:30.432114+00:00,4624,SYSTEM,-,5,,
2025-10-30 15:09:19.437550+00:00,4624,SYSTEM,-,5,,
2025-10-30 15:09:32.312695+00:00,4624,SYSTEM,-,5,,
2025-10-30 15:09:38.000761+00:00,4624,SYSTEM,-,5,,
2025-10-30 15:09:47.417126+00:00,4624,SYSTEM,-,5,,
2025-10-30 15:09:49.191467+00:00,4624,SYSTEM,-,5,,
2025-10-30 15:09:54.047020+00:00,4624,SYSTEM,-,5,,
2025-10-30 15:09:54.303877+00:00,4624,SYSTEM,-,5,,
2025-10-30 15:09:54.912445+00:00,4624,SYSTEM,-,5,,
2025-10-30 15:10:30.926619+00:00,4624,SYSTEM,-,5,,
2025-10-30 15:10:45.290329+00:00,4624,SYSTEM,-,5,,
2025-10-30 15:12:31.337166+00:00,4624,SYSTEM,-,5,,
2025-10-30 15:17:29.042725+00:00,4624,SYSTEM,-,5,,
2025-10-30 15:17:29.271540+00:00,4624,SYSTEM,-,5,,
2025-10-30 15:17:29.608717+00:00,4624,SYSTEM,-,5,,
2025-10-30 15:18:35.218868+00:00,4624,SYSTEM,-,5,,
2025-10-30 15:32:43.642160+00:00,4624,SYSTEM,-,5,,
2025-10-30 15:33:31.757431+00:00,4624,SYSTEM,-,5,,
2025-10-30 15:34:57.377573+00:00,4624,SYSTEM,-,5,,
2025-10-30 15:45:14.755306+00:00,4624,SYSTEM,-,5,,
2025-10-30 15:45:14.801668+00:00,4624,SYSTEM,-,5,,
2025-10-30 15:47:43.709394+00:00,4624,SYSTEM,-,5,,
2025-10-30 15:48:31.754827+00:00,4624,SYSTEM,-,5,,
2025-10-30 15:53:43.196661+00:00,4624,SYSTEM,-,5,,
2025-10-30 15:53:44.116781+00:00,4624,SYSTEM,-,5,,
2025-10-30 16:02:43.785686+00:00,4624,SYSTEM,-,5,,
2025-10-30 16:03:21.200907+00:00,4624,SYSTEM,-,5,,
2025-10-30 16:03:30.313778+00:00,4624,SYSTEM,-,5,,
2025-10-30 16:05:23.354261+00:00,4624,SYSTEM,-,5,,
2025-10-30 16:07:14.773533+00:00,4624,SYSTEM,-,5,,
2025-10-30 16:11:11.752308+00:00,4624,SYSTEM,-,5,,
2025-10-30 16:13:55.617773+00:00,4624,SYSTEM,-,5,,
2025-10-30 16:16:33.472345+00:00,4624,SYSTEM,-,5,,
2025-10-30 16:19:45.873611+00:00,4624,SYSTEM,-,5,,
2025-10-30 16:20:24.306002+00:00,4624,SYSTEM,-,5,,
2025-10-30 16:20:24.347107+00:00,4624,SYSTEM,-,5,,
2025-10-30 16:20:24.600657+00:00,4624,SYSTEM,-,5,,
2025-10-30 16:20:43.240915+00:00,4624,SYSTEM,-,5,,
2025-10-30 16:25:11.233854+00:00,4624,SYSTEM,-,5,,
2025-10-30 16:25:11.867453+00:00,4624,SYSTEM,-,5,,
2025-10-30 16:25:11.930410+00:00,4624,SYSTEM,-,5,,
2025-10-30 16:25:13.704952+00:00,4624,SYSTEM,-,5,,
2025-10-30 16:27:10.849184+00:00,4624,SYSTEM,-,5,,
2025-10-30 16:30:15.565516+00:00,4624,SYSTEM,-,5,,
2025-10-30 16:31:07.490292+00:00,4624,SYSTEM,-,5,,
2025-10-30 16:31:51.072107+00:00,4624,SYSTEM,-,0,,
2025-10-30 16:31:51.293272+00:00,4624,SYSTEM,-,5,,
2025-10-30 16:31:51.293293+00:00,4624,UMFD-1,-,2,,
2025-10-30 16:31:51.293312+00:00,4624,UMFD-0,-,2,,
2025-10-30 16:31:51.359543+00:00,4624,LOCAL SERVICE,-,5,,
2025-10-30 16:31:51.372343+00:00,4624,NETWORK SERVICE,-,5,,
2025-10-30 16:31:51.419409+00:00,4624,SYSTEM,-,5,,
2025-10-30 16:31:51.555056+00:00,4624,DWM-1,-,2,,
2025-10-30 16:31:51.555069+00:00,4624,DWM-1,-,2,,
2025-10-30 16:31:52.407553+00:00,4624,SYSTEM,-,5,,
2025-10-30 16:31:52.407558+00:00,4624,SYSTEM,-,5,,
2025-10-30 16:31:52.407623+00:00,4624,SYSTEM,-,5,,
2025-10-30 16:31:52.410448+00:00,4624,SYSTEM,-,5,,
2025-10-30 16:31:52.449152+00:00,4624,SYSTEM,-,5,,
2025-10-30 16:31:52.478846+00:00,4624,SYSTEM,-,5,,
2025-10-30 16:31:52.490248+00:00,4624,SYSTEM,-,5,,
2025-10-30 16:31:52.495070+00:00,4624,SYSTEM,-,5,,
2025-10-30 16:31:52.497652+00:00,4624,SYSTEM,-,5,,
2025-10-30 16:31:52.498468+00:00,4624,SYSTEM,-,5,,
2025-10-30 16:31:52.505167+00:00,4624,SYSTEM,-,5,,
2025-10-30 16:31:52.537008+00:00,4624,SYSTEM,-,5,,
2025-10-30 16:31:52.554220+00:00,4624,SYSTEM,-,5,,
2025-10-30 16:31:52.624138+00:00,4624,SYSTEM,-,5,,
2025-10-30 16:31:52.670206+00:00,4624,SYSTEM,-,5,,
2025-10-30 16:31:53.044878+00:00,4624,SYSTEM,-,5,,
2025-10-30 16:31:53.044903+00:00,4624,SYSTEM,-,5,,
2025-10-30 16:31:53.079676+00:00,4624,SYSTEM,-,5,,
2025-10-30 16:31:53.151115+00:00,4624,SYSTEM,-,5,,
2025-10-30 16:31:53.231947+00:00,4624,SYSTEM,-,5,,
2025-10-30 16:31:53.360914+00:00,4624,SYSTEM,-,5,,
2025-10-30 16:31:53.897074+00:00,4624,SYSTEM,-,5,,
2025-10-30 16:31:53.911867+00:00,4624,SYSTEM,-,5,,
2025-10-30 16:31:53.926458+00:00,4624,SYSTEM,-,5,,
2025-10-30 16:31:53.948135+00:00,4624,SYSTEM,-,5,,
2025-10-30 16:31:54.270979+00:00,4624,SYSTEM,-,5,,
2025-10-30 16:31:54.273981+00:00,4624,SYSTEM,-,5,,
2025-10-30 16:31:54.278702+00:00,4624,SYSTEM,-,5,,
2025-10-30 16:31:54.309067+00:00,4624,SYSTEM,-,5,,
2025-10-30 16:31:54.315321+00:00,4624,SYSTEM,-,5,,
2025-10-30 16:31:54.337492+00:00,4624,SYSTEM,-,5,,
2025-10-30 16:31:54.348087+00:00,4624,SYSTEM,-,5,,
2025-10-30 16:31:54.975773+00:00,4624,Daniele Monaco,127.0.0.1,2,,
2025-10-30 16:31:54.975792+00:00,4624,Daniele Monaco,127.0.0.1,2,,
2025-10-30 16:31:55.142532+00:00,4624,SYSTEM,-,5,,
2025-10-30 16:31:55.226713+00:00,4624,SYSTEM,-,5,,
2025-10-30 16:31:55.583008+00:00,4624,SYSTEM,-,5,,
2025-10-30 16:31:55.620617+00:00,4624,SYSTEM,-,5,,
2025-10-30 16:31:57.727898+00:00,4624,SYSTEM,-,5,,
2025-10-30 16:31:59.253820+00:00,4624,SYSTEM,-,5,,
2025-10-30 16:32:00.455217+00:00,4624,SYSTEM,-,5,,
2025-10-30 16:32:00.456232+00:00,4624,SYSTEM,-,5,,
2025-10-30 16:32:01.395489+00:00,4624,SYSTEM,-,5,,
2025-10-30 16:32:01.433111+00:00,4624,SYSTEM,-,5,,
2025-10-30 16:32:02.110813+00:00,4624,SYSTEM,-,5,,
2025-10-30 16:32:02.769577+00:00,4624,SYSTEM,-,5,,
2025-10-30 16:32:03.816189+00:00,4624,SYSTEM,-,5,,
2025-10-30 16:32:03.884144+00:00,4624,SYSTEM,-,5,,
2025-10-30 16:32:05.040348+00:00,4624,SYSTEM,-,5,,
2025-10-30 16:32:05.967949+00:00,4624,Daniele Monaco,127.0.0.1,2,,
2025-10-30 16:32:05.967970+00:00,4624,Daniele Monaco,127.0.0.1,2,,
2025-10-30 16:32:15.898722+00:00,4624,SYSTEM,-,5,,
2025-10-30 16:32:20.916269+00:00,4624,SYSTEM,-,5,,
2025-10-30 16:32:21.144276+00:00,4624,SYSTEM,-,5,,
2025-10-30 16:32:26.071165+00:00,4624,SYSTEM,-,5,,
2025-10-30 16:34:00.646868+00:00,4624,SYSTEM,-,5,,
2025-10-30 16:34:00.844791+00:00,4624,SYSTEM,-,5,,
2025-10-30 16:34:00.987385+00:00,4624,SYSTEM,-,5,,
2025-10-30 16:34:01.479895+00:00,4624,SYSTEM,-,5,,
2025-10-30 16:34:01.667082+00:00,4624,SYSTEM,-,5,,
2025-10-30 16:34:01.781286+00:00,4624,SYSTEM,-,5,,
2025-10-30 16:34:01.831879+00:00,4624,SYSTEM,-,5,,
2025-10-30 16:34:02.153179+00:00,4624,SYSTEM,-,5,,
2025-10-30 16:34:02.385685+00:00,4624,SYSTEM,-,5,,
2025-10-30 16:34:02.864826+00:00,4624,SYSTEM,-,5,,
2025-10-30 16:34:04.837894+00:00,4624,SYSTEM,-,5,,
2025-10-30 16:36:56.018003+00:00,4624,SYSTEM,-,5,,
2025-10-30 16:39:45.986929+00:00,4624,SYSTEM,-,5,,
2025-10-30 16:41:47.454639+00:00,4624,SYSTEM,-,5,,
2025-10-30 16:41:47.546322+00:00,4624,SYSTEM,-,5,,
2025-10-30 16:41:50.234621+00:00,4624,SYSTEM,-,5,,
2025-10-30 16:41:50.302881+00:00,4624,SYSTEM,-,5,,
2025-10-30 16:41:55.509848+00:00,4624,SYSTEM,-,5,,
2025-10-30 16:42:01.021984+00:00,4624,SYSTEM,-,5,,
2025-10-30 16:42:13.134092+00:00,4624,SYSTEM,-,5,,
2025-10-30 16:44:02.031988+00:00,4624,SYSTEM,-,5,,
2025-10-30 16:46:53.366442+00:00,4624,SYSTEM,-,5,,
2025-10-30 16:46:56.093287+00:00,4624,SYSTEM,-,5,,
2025-10-30 16:46:56.349939+00:00,4624,SYSTEM,-,5,,
2025-10-30 17:00:53.208033+00:00,4624,SYSTEM,-,5,,
2025-10-30 17:00:53.939144+00:00,4624,SYSTEM,-,5,,
2025-10-30 17:02:06.737125+00:00,4624,SYSTEM,-,5,,
2025-10-30 17:02:13.521975+00:00,4624,SYSTEM,-,5,,
2025-10-30 17:17:06.797222+00:00,4624,SYSTEM,-,5,,
2025-10-30 17:17:10.328869+00:00,4624,SYSTEM,-,5,,
2025-10-30 17:18:08.002390+00:00,4624,SYSTEM,-,5,,
2025-10-30 17:32:03.959789+00:00,4624,SYSTEM,-,5,,
2025-10-30 17:32:06.881220+00:00,4624,SYSTEM,-,5,,
2025-10-30 17:35:06.312906+00:00,4624,SYSTEM,-,5,,
2025-10-30 17:46:51.540264+00:00,4624,SYSTEM,-,5,,
2025-10-30 17:47:06.953344+00:00,4624,SYSTEM,-,5,,
2025-10-30 17:47:10.490709+00:00,4624,SYSTEM,-,5,,
2025-10-30 17:51:54.417011+00:00,4624,SYSTEM,-,5,,
2025-10-30 18:02:07.024832+00:00,4624,SYSTEM,-,5,,
2025-10-30 18:16:35.032633+00:00,4624,SYSTEM,-,5,,
2025-10-30 18:16:35.130337+00:00,4624,SYSTEM,-,5,,
2025-10-30 18:16:35.407236+00:00,4624,SYSTEM,-,5,,
2025-10-30 18:17:07.087875+00:00,4624,SYSTEM,-,5,,
2025-10-30 18:19:35.122704+00:00,4624,SYSTEM,-,5,,
2025-10-30 18:19:35.184015+00:00,4624,SYSTEM,-,5,,
2025-10-30 18:19:35.307402+00:00,4624,SYSTEM,-,5,,
2025-10-30 18:19:35.603334+00:00,4624,SYSTEM,-,5,,
2025-10-30 18:19:37.719666+00:00,4624,SYSTEM,-,5,,
2025-10-30 18:19:41.636013+00:00,4624,SYSTEM,-,5,,
2025-10-30 18:29:08.893927+00:00,4624,SYSTEM,-,5,,
2025-10-30 18:30:46.701235+00:00,4624,SYSTEM,-,5,,
2025-10-30 18:31:56.025501+00:00,4624,SYSTEM,-,5,,
2025-10-30 18:31:56.086105+00:00,4624,SYSTEM,-,5,,
2025-10-30 18:32:00.762733+00:00,4624,SYSTEM,-,5,,
2025-10-30 18:32:04.260208+00:00,4624,SYSTEM,-,5,,
2025-10-30 18:32:07.150555+00:00,4624,SYSTEM,-,5,,
2025-10-30 18:36:30.416189+00:00,4624,SYSTEM,-,5,,
2025-10-30 18:36:46.081892+00:00,4624,SYSTEM,-,5,,
2025-10-30 18:40:38.123791+00:00,4624,SYSTEM,-,5,,
2025-10-30 18:40:49.043064+00:00,4624,SYSTEM,-,5,,
2025-10-30 18:40:49.103300+00:00,4624,SYSTEM,-,5,,
2025-10-30 18:47:07.222572+00:00,4624,SYSTEM,-,5,,
2025-10-30 18:52:09.286930+00:00,4624,SYSTEM,-,5,,
2025-10-30 18:53:04.831984+00:00,4624,SYSTEM,-,5,,
2025-10-30 18:58:05.018583+00:00,4624,SYSTEM,-,5,,
2025-10-30 18:58:11.631922+00:00,4624,SYSTEM,-,5,,
2025-10-30 19:02:07.285517+00:00,4624,SYSTEM,-,5,,
2025-10-30 19:03:05.213287+00:00,4624,SYSTEM,-,5,,
2025-10-30 19:06:46.212551+00:00,4624,SYSTEM,-,5,,
2025-10-30 19:09:06.721447+00:00,4624,SYSTEM,-,5,,
2025-10-30 19:11:52.662048+00:00,4624,SYSTEM,-,5,,
2025-10-30 19:13:29.502033+00:00,4624,SYSTEM,-,5,,
2025-10-30 19:17:07.353067+00:00,4624,SYSTEM,-,5,,
2025-10-30 19:18:24.188374+00:00,4624,SYSTEM,-,5,,
2025-10-30 19:18:37.515783+00:00,4624,SYSTEM,-,5,,
2025-10-30 19:18:39.287392+00:00,4624,SYSTEM,-,5,,
2025-10-30 19:19:06.381454+00:00,4624,SYSTEM,-,5,,
2025-10-30 19:22:54.307652+00:00,4624,SYSTEM,-,5,,
2025-10-30 19:22:55.060480+00:00,4624,SYSTEM,-,5,,
2025-10-30 19:24:06.831770+00:00,4624,SYSTEM,-,5,,
2025-10-30 19:24:07.766747+00:00,4624,SYSTEM,-,5,,
2025-10-30 19:29:06.972654+00:00,4624,SYSTEM,-,5,,
2025-10-30 19:30:13.879728+00:00,4624,SYSTEM,-,5,,
2025-10-30 19:32:07.423014+00:00,4624,SYSTEM,-,5,,
2025-10-30 19:34:07.170294+00:00,4624,SYSTEM,-,5,,
2025-10-30 19:39:07.335693+00:00,4624,SYSTEM,-,5,,
2025-10-30 19:47:07.510777+00:00,4624,SYSTEM,-,5,,
2025-10-30 19:54:07.528419+00:00,4624,SYSTEM,-,5,,
2025-10-30 19:59:07.688545+00:00,4624,SYSTEM,-,5,,
2025-10-30 20:00:56.444983+00:00,4624,SYSTEM,-,5,,
2025-10-30 20:01:15.101379+00:00,4624,SYSTEM,-,5,,
2025-10-30 20:02:07.579515+00:00,4624,SYSTEM,-,5,,
2025-10-30 20:07:03.310925+00:00,4624,SYSTEM,-,5,,
2025-10-30 20:11:30.710644+00:00,4624,SYSTEM,-,5,,
2025-10-30 20:11:30.733479+00:00,4624,SYSTEM,-,5,,
2025-10-30 20:11:30.804768+00:00,4624,SYSTEM,-,5,,
2025-10-30 20:11:31.233221+00:00,4624,SYSTEM,-,5,,
2025-10-30 20:12:28.333179+00:00,4624,SYSTEM,-,5,,
2025-10-30 20:13:01.639561+00:00,4624,SYSTEM,-,5,,
2025-10-30 20:13:01.733967+00:00,4624,SYSTEM,-,5,,
2025-10-30 20:13:01.740770+00:00,4624,SYSTEM,-,5,,
2025-10-30 20:13:02.445122+00:00,4624,SYSTEM,-,5,,
2025-10-30 20:14:08.347858+00:00,4624,SYSTEM,-,5,,
2025-10-30 20:17:00.089771+00:00,4624,SYSTEM,-,5,,
2025-10-30 20:32:04.887638+00:00,4624,SYSTEM,-,5,,
2025-10-30 20:32:07.662611+00:00,4624,SYSTEM,-,5,,
2025-10-30 20:36:07.719776+00:00,4624,SYSTEM,-,5,,
2025-10-30 20:36:11.383242+00:00,4624,SYSTEM,-,5,,
2025-10-30 20:46:34.853640+00:00,4624,SYSTEM,-,5,,
2025-10-30 20:46:35.232552+00:00,4624,SYSTEM,-,5,,
2025-10-30 20:46:40.364397+00:00,4624,Daniele Monaco,127.0.0.1,2,,
2025-10-30 20:46:40.364408+00:00,4624,Daniele Monaco,127.0.0.1,2,,
2025-10-30 20:46:47.562286+00:00,4624,SYSTEM,-,5,,
2025-10-30 20:47:11.848774+00:00,4624,SYSTEM,-,5,,
2025-10-30 20:47:11.848776+00:00,4624,SYSTEM,-,5,,
2025-10-30 20:47:32.583645+00:00,4624,SYSTEM,-,5,,
2025-10-30 20:52:14.269444+00:00,4624,SYSTEM,-,5,,
2025-10-30 20:54:52.088640+00:00,4624,SYSTEM,-,5,,
2025-10-30 20:59:38.828499+00:00,4624,SYSTEM,-,5,,
2025-10-30 20:59:39.981329+00:00,4624,SYSTEM,-,5,,
2025-10-30 21:04:39.089834+00:00,4624,SYSTEM,-,5,,
2025-10-30 21:05:44.485186+00:00,4624,SYSTEM,-,5,,
2025-10-30 21:09:39.228203+00:00,4624,SYSTEM,-,5,,
2025-10-30 21:09:52.719494+00:00,4624,SYSTEM,-,5,,
2025-10-30 21:14:39.355671+00:00,4624,SYSTEM,-,5,,
2025-10-30 21:23:31.175871+00:00,4624,SYSTEM,-,5,,
2025-10-30 21:23:40.997244+00:00,4624,SYSTEM,-,5,,
2025-10-30 21:24:52.814108+00:00,4624,SYSTEM,-,5,,
2025-10-30 21:25:34.990099+00:00,4624,UMFD-2,-,2,,
2025-10-30 21:25:35.071173+00:00,4624,DWM-2,-,2,,
2025-10-30 21:25:35.071194+00:00,4624,DWM-2,-,2,,
2025-10-30 21:25:35.265142+00:00,4624,SYSTEM,-,5,,
2025-10-30 21:25:39.967680+00:00,4624,SYSTEM,-,5,,
2025-10-30 21:25:40.223103+00:00,4624,SYSTEM,-,5,,
2025-10-30 21:25:45.901424+00:00,4624,SYSTEM,-,5,,
2025-11-01 13:52:05.237614+00:00,4624,SYSTEM,-,5,,
2025-11-01 13:52:05.769497+00:00,4624,Daniele Monaco,127.0.0.1,2,,
2025-11-01 13:52:05.769514+00:00,4624,Daniele Monaco,127.0.0.1,2,,
2025-11-01 13:52:07.432959+00:00,4624,SYSTEM,-,5,,
2025-11-01 13:52:20.580799+00:00,4624,SYSTEM,-,5,,
2025-11-01 13:52:26.601202+00:00,4624,SYSTEM,-,5,,
2025-11-01 13:52:36.363771+00:00,4624,SYSTEM,-,5,,
2025-11-01 13:52:55.079567+00:00,4624,Daniele Monaco,127.0.0.1,2,,
2025-11-01 13:52:55.079580+00:00,4624,Daniele Monaco,127.0.0.1,2,,
2025-11-01 13:52:55.113640+00:00,4624,SYSTEM,-,5,,
2025-11-01 13:53:03.502186+00:00,4624,SYSTEM,-,5,,
2025-11-01 13:53:14.989382+00:00,4624,SYSTEM,-,5,,
2025-11-01 13:53:17.955986+00:00,4624,SYSTEM,-,5,,
2025-11-01 13:53:39.538729+00:00,4624,SYSTEM,-,5,,
2025-11-01 13:57:06.776255+00:00,4624,SYSTEM,-,5,,
2025-11-01 13:57:07.306236+00:00,4624,SYSTEM,-,5,,
2025-11-01 13:57:08.638575+00:00,4624,SYSTEM,-,5,,
2025-11-01 13:57:09.238552+00:00,4624,SYSTEM,-,5,,
2025-11-01 13:58:03.960066+00:00,4624,SYSTEM,-,5,,
2025-11-01 13:58:04.650780+00:00,4624,SYSTEM,-,5,,
2025-11-01 13:58:04.654680+00:00,4624,SYSTEM,-,5,,
2025-11-01 13:58:04.656126+00:00,4624,SYSTEM,-,5,,
2025-11-01 13:58:04.660534+00:00,4624,SYSTEM,-,5,,
2025-11-01 13:58:04.661972+00:00,4624,SYSTEM,-,5,,
2025-11-01 13:58:04.668877+00:00,4624,SYSTEM,-,5,,
2025-11-01 13:58:04.786451+00:00,4624,SYSTEM,-,5,,
2025-11-01 13:58:04.973598+00:00,4624,SYSTEM,-,5,,
2025-11-01 13:58:06.215643+00:00,4624,SYSTEM,-,5,,
2025-11-01 13:58:06.219202+00:00,4624,SYSTEM,-,5,,
2025-11-01 13:58:06.221327+00:00,4624,SYSTEM,-,5,,
2025-11-01 13:58:06.228884+00:00,4624,SYSTEM,-,5,,
2025-11-01 13:58:06.230162+00:00,4624,SYSTEM,-,5,,
2025-11-01 13:58:06.237232+00:00,4624,SYSTEM,-,5,,
2025-11-01 13:58:06.340923+00:00,4624,SYSTEM,-,5,,
2025-11-01 13:58:06.447990+00:00,4624,SYSTEM,-,5,,
2025-11-01 13:58:06.569096+00:00,4624,SYSTEM,-,5,,
2025-11-01 13:58:06.571985+00:00,4624,SYSTEM,-,5,,
2025-11-01 13:58:06.573515+00:00,4624,SYSTEM,-,5,,
2025-11-01 13:58:06.576948+00:00,4624,SYSTEM,-,5,,
2025-11-01 13:58:06.578489+00:00,4624,SYSTEM,-,5,,
2025-11-01 13:58:06.584276+00:00,4624,SYSTEM,-,5,,
2025-11-01 13:58:06.622747+00:00,4624,SYSTEM,-,5,,
2025-11-01 13:58:06.977640+00:00,4624,SYSTEM,-,5,,
2025-11-01 13:58:07.041946+00:00,4624,SYSTEM,-,5,,
2025-11-01 13:58:14.599131+00:00,4624,SYSTEM,-,5,,
2025-11-01 13:58:17.629004+00:00,4624,SYSTEM,-,5,,
2025-11-01 13:58:17.631952+00:00,4624,SYSTEM,-,5,,
2025-11-01 13:58:17.633087+00:00,4624,SYSTEM,-,5,,
2025-11-01 13:58:17.636410+00:00,4624,SYSTEM,-,5,,
2025-11-01 13:58:17.637613+00:00,4624,SYSTEM,-,5,,
2025-11-01 13:58:17.643284+00:00,4624,SYSTEM,-,5,,
2025-11-01 13:58:17.730356+00:00,4624,SYSTEM,-,5,,
2025-11-01 13:58:17.830505+00:00,4624,SYSTEM,-,5,,
2025-11-01 13:58:22.210466+00:00,4624,SYSTEM,-,5,,
2025-11-01 13:58:28.950592+00:00,4624,SYSTEM,-,5,,
2025-11-01 14:02:10.542704+00:00,4624,SYSTEM,-,5,,
2025-11-01 14:07:06.325323+00:00,4624,SYSTEM,-,5,,
2025-11-01 14:07:06.833355+00:00,4624,SYSTEM,-,5,,
2025-11-01 14:07:07.066315+00:00,4624,SYSTEM,-,5,,
2025-11-01 14:22:24.842134+00:00,4624,SYSTEM,-,5,,
2025-11-01 14:22:31.428568+00:00,4624,SYSTEM,-,5,,
2025-11-01 14:23:12.101137+00:00,4624,SYSTEM,-,5,,
2025-11-01 14:37:24.911074+00:00,4624,SYSTEM,-,5,,
2025-11-01 14:38:12.127346+00:00,4624,SYSTEM,-,5,,
2025-11-01 14:39:35.239637+00:00,4624,SYSTEM,-,5,,
2025-11-01 14:39:50.501045+00:00,4624,Daniele Monaco,127.0.0.1,2,,
2025-11-01 14:39:50.501057+00:00,4624,Daniele Monaco,127.0.0.1,2,,
